"commit","subject","status","files"
"20721aac711e32cf8171fd791488aa0a9f85c0a8","Dangerous Clipboards","needs-review","gradle.properties;src/main/java/com/simibubi/create/content/equipment/potatoCannon/PotatoCannonItem.java;src/main/java/com/simibubi/create/content/logistics/item/filter/attribute/ItemAttribute.java;src/main/java/com/simibubi/create/content/logistics/item/filter/attribute/attributes/ItemNameAttribute.java;src/main/java/com/simibubi/create/content/logistics/packagePort/PackagePortBlockEntity.java;src/main/java/com/simibubi/create/content/logistics/packager/PackagerBlockEntity.java;src/main/java/com/simibubi/create/content/redstone/nixieTube/NixieTubeBlockEntity.java;src/main/java/com/simibubi/create/content/schematics/SchematicProcessor.java;src/main/java/com/simibubi/create/content/trains/display/FlapDisplayBlockEntity.java;src/main/java/com/simibubi/create/content/trains/display/FlapDisplayLayout.java;src/main/java/com/simibubi/create/content/trains/display/FlapDisplaySection.java;src/main/java/com/simibubi/create/foundation/CreateNBTProcessors.java"
"01dc542ca136b38ad86ffc296dc3806b883840a4","Bump version","needs-review","gradle.properties"
"24d85178d1ef37e8cb2e837ca6e69d3c84516718","Update silk","needs-review","build.gradle"
"787f809deb50ee478787212cccff9952a0c5b7fc","fix floating point issues within GantryContraptionEntity (#9481)","needs-review","src/main/java/com/simibubi/create/content/contraptions/gantry/GantryContraptionEntity.java"
"11f59c9a304f4b2bfc1ccf01f6737a278379a32a","Revert ""Update silk""","needs-review","build.gradle"
"b8a9a21532e95e5aa587e1deb2be9dbaa484516d","Reapply ""Update silk""","needs-review","build.gradle"
"dd133f667969870dd6e9b96395097ac93cd91ced","Deployed","needs-review","src/main/java/com/simibubi/create/content/kinetics/deployer/DeployerBlock.java"
"f741b5b86e6e474fcb0de0aeb9286565f9b73c6c","Fix schematics sticking around after instant placement (#9494)","needs-review","src/main/java/com/simibubi/create/content/schematics/client/SchematicHandler.java"
"710d5d612cca4f57814612072fbe72d4f08f8664","Chunked","needs-review","src/main/java/com/simibubi/create/foundation/virtualWorld/VirtualRenderWorld.java"
"6409450e032339057ac7166992f3134db972e49e","Bouncy Seats","needs-review","src/main/java/com/simibubi/create/content/contraptions/actors/seat/SeatBlock.java;src/main/java/com/simibubi/create/foundation/mixin/EntityMixin.java;src/main/java/com/simibubi/create/foundation/mixin/MapItemSavedDataMixin.java;src/main/java/com/simibubi/create/foundation/mixin/PlayerMixin.java;src/main/java/com/simibubi/create/foundation/mixin/client/CameraMixin.java;src/main/java/com/simibubi/create/foundation/mixin/compat/xaeros/XaeroFullscreenMapMixin.java;src/main/java/com/simibubi/create/foundation/mixin/compat/xaeros/XaeroPauseScreenOverrideMixin.java;src/main/java/com/simibubi/create/foundation/mixin/datafixer/BlockPosFormatAndRenamesFixMixin.java"
"b91757a3a55205e9888e70fb5cb5c2380b4724c7","Cold nights","needs-review","src/main/java/com/simibubi/create/compat/computercraft/implementation/peripherals/NixieTubePeripheral.java;src/main/java/com/simibubi/create/content/redstone/link/RedstoneLinkBlock.java;src/main/java/com/simibubi/create/content/redstone/nixieTube/NixieTubeBlock.java;src/main/java/com/simibubi/create/content/schematics/SchematicPrinter.java;src/main/java/com/simibubi/create/content/trains/graph/TrackNodeLocation.java"
"eda49cb096000ce588902c51da57fc20b7fb69b9","Bump flywheel build, use new materialFunc methods","needs-review","gradle.properties;src/main/java/com/simibubi/create/content/contraptions/render/ContraptionVisual.java;src/main/java/com/simibubi/create/foundation/render/SpecialModels.java"
"ef8e9ccae46e6d8bf7d09a8fad1536c736b3c5a1","No shade for ladders","needs-review","src/main/resources/assets/create/models/block/ladder.json"
"2533d6933eed770f6d91de53c8f67b8a9633d24c","To clay or to not clay","needs-review","src/generated/resources/.cache/b256105d8411632b0d585496ea8944a751a08034;src/generated/resources/.cache/eaed56ca9d9781c7626be345dd9f2c9a1fad638e;src/generated/resources/data/create/create/potato_projectile/type/pufferfish.json;src/generated/resources/data/create/recipe/milling/clay.json;src/main/java/com/simibubi/create/foundation/data/recipe/CreateMillingRecipeGen.java"
"35a42efdaf4c580e39607a53332e0985fc1280bd","Improve Recipe Viewer Sync in Stock Keepers","needs-review","src/generated/resources/.cache/af1b4964b4b67530aeb67585e9573385e8cab38a;src/generated/resources/.cache/eaed56ca9d9781c7626be345dd9f2c9a1fad638e;src/generated/resources/assets/create/lang/en_ud.json;src/generated/resources/assets/create/lang/en_us.json;src/main/java/com/simibubi/create/compat/Mods.java;src/main/java/com/simibubi/create/content/logistics/stockTicker/StockKeeperRequestScreen.java;src/main/java/com/simibubi/create/foundation/gui/AllGuiTextures.java;src/main/java/com/simibubi/create/infrastructure/config/CClient.java;src/main/resources/assets/create/lang/bel_tr.json;src/main/resources/assets/create/lang/bg_bg.json;src/main/resources/assets/create/lang/cs_cz.json;src/main/resources/assets/create/lang/da_dk.json;src/main/resources/assets/create/lang/de_de.json;src/main/resources/assets/create/lang/default/interface.json;src/main/resources/assets/create/lang/en_gb.json;src/main/resources/assets/create/lang/es_es.json;src/main/resources/assets/create/lang/es_mx.json;src/main/resources/assets/create/lang/fi_fi.json;src/main/resources/assets/create/lang/fr_ca.json;src/main/resources/assets/create/lang/fr_fr.json;src/main/resources/assets/create/lang/he_il.json;src/main/resources/assets/create/lang/hr_hr.json;src/main/resources/assets/create/lang/hu_hu.json;src/main/resources/assets/create/lang/it_it.json;src/main/resources/assets/create/lang/ja_jp.json;src/main/resources/assets/create/lang/ko_kr.json;src/main/resources/assets/create/lang/lzh.json;src/main/resources/assets/create/lang/nl_nl.json;src/main/resources/assets/create/lang/no_no.json;src/main/resources/assets/create/lang/pl_pl.json;src/main/resources/assets/create/lang/pt_br.json;src/main/resources/assets/create/lang/pt_pt.json;src/main/resources/assets/create/lang/qep.json;src/main/resources/assets/create/lang/ro_ro.json;src/main/resources/assets/create/lang/rpr.json;src/main/resources/assets/create/lang/ru_ru.json;src/main/resources/assets/create/lang/sv_se.json;src/main/resources/assets/create/lang/tok.json;src/main/resources/assets/create/lang/tr_tr.json;src/main/resources/assets/create/lang/uk_ua.json;src/main/resources/assets/create/lang/vi_vn.json;src/main/resources/assets/create/lang/zh_cn.json;src/main/resources/assets/create/lang/zh_tw.json;src/main/resources/assets/create/textures/gui/stock_keeper.png"
"7d77d80ecaad03ef22d31aa9f7dbaac0b4c6d594","Fix potion-based fluid recipes (#9563)","needs-review","src/main/java/com/simibubi/create/compat/jei/category/SpoutCategory.java;src/main/java/com/simibubi/create/content/fluids/potion/PotionMixingRecipes.java;src/main/java/com/simibubi/create/infrastructure/gametest/CreateGameTestHelper.java;src/main/java/com/simibubi/create/infrastructure/gametest/tests/TestProcessing.java;src/main/resources/data/create/structure/gametest/processing/potion_brewing.nbt;src/main/resources/data/create/structure/gametest/processing/spout_crafting.nbt"
"640d35c3cbba4002bcd46c0eb016bcff8ebd78f9","A hodge podge of fixes","needs-review","src/main/java/com/simibubi/create/api/behaviour/spouting/StateChangingBehavior.java;src/main/java/com/simibubi/create/content/schematics/cannon/SchematicannonBlockEntity.java;src/main/java/com/simibubi/create/foundation/data/recipe/CreateStandardRecipeGen.java;src/main/java/com/simibubi/create/foundation/virtualWorld/VirtualChunk.java"
"3d4287905a1344378aeefc0384c4dd87e70a95b3","Update ponder","needs-review","build.gradle;gradle.properties;settings.gradle"
"174ccf0ba68f8f4a9ec93d2068df7411ccd35841","Fix Furnace Minecart contraption not stopping when mining blocks (#9630)","needs-review","src/main/java/com/simibubi/create/content/contraptions/OrientedContraptionEntity.java;src/main/java/com/simibubi/create/content/contraptions/minecart/MinecartSim2020.java"
"b075068100eb4c954055713679408f8955926969","Fixed Portable Storage Interface Connection Issue (#9624)","needs-review","src/main/java/com/simibubi/create/content/contraptions/actors/psi/PortableItemInterfaceBlockEntity.java"
"9d4568cfe3b753b8f5356d5d2e478ae06b131a19","Fix 9650 (#9652)","needs-review","src/generated/resources/assets/create/lang/en_us.json;src/main/java/com/simibubi/create/infrastructure/ponder/scenes/CartAssemblerScenes.java;src/main/resources/assets/create/lang/en_gb.json"
"d6f5ab32bcc4861b4bcd6eda619b855b9eb79a2d","Fix spelling errors (#9658)","needs-review","src/generated/resources/assets/create/lang/en_us.json;src/main/java/com/simibubi/create/infrastructure/data/TagLangGenerator.java;src/main/java/com/simibubi/create/infrastructure/ponder/scenes/KineticsScenes.java;src/main/resources/assets/create/lang/da_dk.json;src/main/resources/assets/create/lang/de_de.json;src/main/resources/assets/create/lang/es_cl.json;src/main/resources/assets/create/lang/pt_pt.json;src/main/resources/assets/create/lang/tr_tr.json"
"157a9e99531cca6ecae5b49198055fc539128f28","refactor: Clarify collection step with Contraption Actors (#9325)","needs-review","src/main/java/com/simibubi/create/api/behaviour/movement/MovementBehaviour.java;src/main/java/com/simibubi/create/content/contraptions/actors/harvester/HarvesterMovementBehaviour.java;src/main/java/com/simibubi/create/content/contraptions/actors/plough/PloughMovementBehaviour.java;src/main/java/com/simibubi/create/content/contraptions/actors/roller/RollerMovementBehaviour.java;src/main/java/com/simibubi/create/content/kinetics/base/BlockBreakingMovementBehaviour.java;src/main/java/com/simibubi/create/content/kinetics/deployer/DeployerMovementBehaviour.java"
"4318508352faf8af0dccbe847c4a3e45e22c7ff6","Post-merge fixes","needs-review","build.gradle;src/main/java/com/simibubi/create/api/behaviour/movement/MovementBehaviour.java"
"8155e2f36351f848eee17d2c5f14d40341fbe7e5","Improve factory gauge request accuracy (#9649)","needs-review","src/main/java/com/simibubi/create/content/logistics/factoryBoard/FactoryPanelBehaviour.java;src/main/java/com/simibubi/create/content/logistics/packagerLink/LogisticallyLinkedBehaviour.java"
"5c52a4b6f9aa6dd495df2b2dcf4af950845a3384","Optimizing I","needs-review","src/main/java/com/simibubi/create/content/processing/sequenced/SequencedAssemblyRecipe.java;src/main/java/com/simibubi/create/content/trains/graph/EdgePointStorage.java"
"ad3ef59ed6fe905a19b27accd3dd7516cee7f83d","Optimizing II","needs-review","src/main/java/com/simibubi/create/content/trains/GlobalRailwayManager.java"
"174671d1d721d1f970c77caeb0a79bced59111ad","Perfectly Emissive","needs-review","gradle.properties;src/main/java/com/simibubi/create/content/decoration/copycat/CopycatModel.java"
"aaee610b0c7c201de5c784ef04a5855fd9df333c","Assorted Fixes","needs-review","src/generated/resources/.cache/82992cbf8f2794d83ac94034835eac0acd7915b9;src/generated/resources/.cache/af1b4964b4b67530aeb67585e9573385e8cab38a;src/generated/resources/assets/create/lang/en_ud.json;src/generated/resources/data/create/advancement/recipes/misc/crafting/tree_fertilizer.json;src/generated/resources/data/create/recipe/crafting/materials/bound_cardboard_block.json;src/generated/resources/data/create/recipe/crafting/tree_fertilizer.json;src/main/java/com/simibubi/create/content/contraptions/wrench/RadialWrenchMenu.java;src/main/java/com/simibubi/create/foundation/data/recipe/CreateStandardRecipeGen.java;src/main/java/com/simibubi/create/foundation/utility/BlockHelper.java"
"8f30c2cccce4724ddae1067e4789f56dc3ee5eda","Orient data for oriented collision","needs-review","src/main/java/com/simibubi/create/content/contraptions/Contraption.java;src/main/java/com/simibubi/create/content/contraptions/ContraptionCollider.java;src/main/java/com/simibubi/create/content/trains/entity/CarriageContraption.java;src/main/java/com/simibubi/create/foundation/collision/CollisionList.java;src/main/java/com/simibubi/create/foundation/collision/ContinuousOBBCollider.java;src/main/java/com/simibubi/create/foundation/collision/OBBCollider.java;src/main/java/com/simibubi/create/foundation/collision/OrientedBB.java"
"5f0910c6cefa67f53b62a2f0d966bca6162567f8","Significantly Optimize Funnel Item Extraction and MountedItemStorageWrapper (#9706)","needs-review","src/main/java/com/simibubi/create/api/contraption/storage/item/MountedItemStorageWrapper.java;src/main/java/com/simibubi/create/content/logistics/funnel/FunnelBlockEntity.java;src/main/java/com/simibubi/create/foundation/blockEntity/behaviour/inventory/InvManipulationBehaviour.java;src/main/java/com/simibubi/create/foundation/item/ItemHelper.java"
"3ba76bcefff6707afbcbad8e61fcedbdcff3ec24","Let me be entirely clear","needs-review","src/main/java/com/simibubi/create/content/contraptions/actors/contraptionControls/ContraptionControlsBlockEntity.java;src/main/java/com/simibubi/create/content/contraptions/actors/seat/SeatBlock.java;src/main/java/com/simibubi/create/content/contraptions/actors/seat/SeatEntity.java;src/main/java/com/simibubi/create/content/fluids/pipes/SmartFluidPipeBlockEntity.java;src/main/java/com/simibubi/create/content/kinetics/belt/BeltBlockEntity.java;src/main/java/com/simibubi/create/content/kinetics/chainConveyor/ChainConveyorBlockEntity.java;src/main/java/com/simibubi/create/content/kinetics/crusher/CrushingWheelBlockEntity.java;src/main/java/com/simibubi/create/content/kinetics/crusher/CrushingWheelControllerBlockEntity.java;src/main/java/com/simibubi/create/content/kinetics/deployer/DeployerBlockEntity.java;src/main/java/com/simibubi/create/content/kinetics/millstone/MillstoneBlockEntity.java;src/main/java/com/simibubi/create/content/kinetics/saw/SawBlockEntity.java;src/main/java/com/simibubi/create/content/logistics/chute/ChuteBlockEntity.java;src/main/java/com/simibubi/create/content/logistics/chute/SmartChuteBlockEntity.java;src/main/java/com/simibubi/create/content/logistics/crate/CreativeCrateBlockEntity.java;src/main/java/com/simibubi/create/content/logistics/depot/DepotBehaviour.java;src/main/java/com/simibubi/create/content/logistics/depot/DepotBlockEntity.java;src/main/java/com/simibubi/create/content/logistics/funnel/FunnelBlockEntity.java;src/main/java/com/simibubi/create/content/logistics/itemHatch/ItemHatchBlockEntity.java;src/main/java/com/simibubi/create/content/logistics/packagePort/PackagePortBlockEntity.java;src/main/java/com/simibubi/create/content/logistics/packager/PackagerBlockEntity.java;src/main/java/com/simibubi/create/content/logistics/stockTicker/StockTickerBlockEntity.java;src/main/java/com/simibubi/create/content/logistics/vault/ItemVaultBlockEntity.java;src/main/java/com/simibubi/create/content/processing/basin/BasinBlockEntity.java;src/main/java/com/simibubi/create/content/redstone/smartObserver/SmartObserverBlockEntity.java;src/main/java/com/simibubi/create/content/redstone/thresholdSwitch/ThresholdSwitchBlockEntity.java;src/main/java/com/simibubi/create/content/schematics/cannon/SchematicannonBlockEntity.java;src/main/java/com/simibubi/create/content/schematics/table/SchematicTableBlockEntity.java;src/main/java/com/simibubi/create/content/trains/observer/TrackObserverBlockEntity.java"
"898a0c6a79b9167dcc2ae7fdc17a7467227d2842","Optionnull","needs-review","src/main/java/com/simibubi/create/content/contraptions/Contraption.java;src/main/java/com/simibubi/create/content/contraptions/ContraptionCollider.java;src/main/java/com/simibubi/create/content/trains/entity/CarriageContraption.java"
"2fcc6a706478d6a015880bd4c81f216d2379dc1f","Separating boxes","needs-review","src/main/java/com/simibubi/create/content/contraptions/AbstractContraptionEntity.java;src/main/java/com/simibubi/create/content/contraptions/Contraption.java;src/main/java/com/simibubi/create/foundation/collision/CollisionList.java"
"51a02521226b36d95a60e0c105570bad6c4c155c","Xaeros Errors","needs-review","src/main/java/com/simibubi/create/compat/trainmap/XaeroTrainMap.java;src/main/java/com/simibubi/create/foundation/mixin/compat/xaeros/XaeroFullscreenMapMixin.java"
"9f9b72a4f5c39bfaa235c31d493ffd6e8a1677a0","Update Xaero's compat to work with 1.40.2+ (#9773)","needs-review","build.gradle;src/main/java/com/simibubi/create/compat/trainmap/XaeroTrainMap.java;src/main/templates/META-INF/neoforge.mods.toml"
"cbe8d3b6964719106cd66fcdb2a4ca0a086837fb","Abide by `/tick freeze` (#9760)","needs-review","src/main/java/com/simibubi/create/content/contraptions/ContraptionCollider.java;src/main/java/com/simibubi/create/content/contraptions/minecart/CouplingPhysics.java"
"d70aa501a5634787997474e5902e8bb3dcbeab45","Destroy blocks when growing trees with fertilizer (#9758)","needs-review","src/main/java/com/simibubi/create/content/equipment/TreeFertilizerItem.java"
"96871ef63305219ae329e16573607061ee416a73","Hole in your pocket (#9757)","needs-review","src/main/java/com/simibubi/create/content/equipment/toolbox/ToolboxInventory.java"
"a9df5515a18c6906ab64242a195d12c21a6373c3","Fix #9414. Respect interfaceScale for train map in Xaero (#9736)","needs-review","src/main/java/com/simibubi/create/compat/trainmap/XaeroTrainMap.java"
"53c3143d1f6ea941089d07b681ce3643eaa2b153","Replace AllBlocks.MECHANICAL_PUMP.has() with getBlock() instanceof PumpBlock, aswell as for encased pipe checking. (#9763)","needs-review","src/main/java/com/simibubi/create/content/fluids/FluidPropagator.java"
"fb416c51afe7a81ee14b95c142cc85886c23ed88","Change stackToInsert to get item from slot (#9729)","needs-review","src/main/java/com/simibubi/create/content/logistics/filter/AttributeFilterMenu.java"
"c3b7d69794c86e9a313aeb5255437e260e94e3ab","Fix Schedule Text Entry bug (#9735)","needs-review","src/main/java/com/simibubi/create/content/trains/schedule/ScheduleScreen.java"
"ecbb4f20db4cd5224416b6415d384363af288543","The 3 Fixateers","needs-review","src/main/java/com/simibubi/create/content/equipment/potatoCannon/AllPotatoProjectileEntityHitActions.java;src/main/java/com/simibubi/create/content/equipment/potatoCannon/PotatoProjectileEntity.java;src/main/java/com/simibubi/create/content/fluids/transfer/FluidDrainingBehaviour.java;src/main/java/com/simibubi/create/content/fluids/transfer/FluidFillingBehaviour.java;src/main/java/com/simibubi/create/content/fluids/transfer/FluidManipulationBehaviour.java;src/main/java/com/simibubi/create/content/kinetics/belt/transport/BeltMovementHandler.java;src/main/java/com/simibubi/create/content/kinetics/crusher/CrushingWheelControllerBlockEntity.java;src/main/java/com/simibubi/create/content/kinetics/deployer/DeployerHandler.java;src/main/java/com/simibubi/create/content/kinetics/turntable/TurntableBlock.java;src/main/java/com/simibubi/create/content/trains/station/StationBlockEntity.java;src/main/java/com/simibubi/create/infrastructure/ponder/scenes/highLogistics/FrogAndConveyorScenes.java;src/main/resources/assets/create/models/block/encased_fan/propeller.json"
"74760766f43a21c41e098fb87fae970aae6c0549","Update changelog","needs-review","changelog.md"
"efc3d3e5f589fb691dfa50b1c6ca3ad2791e1bbf","Drop no more","needs-review","changelog.md;src/main/java/com/simibubi/create/content/decoration/copycat/CopycatBlockEntity.java"
"5c446de8c309208e547582ddd9e48c4bae84cc11","Update Ponder and Flywheel","needs-review","gradle.properties"
"e2de2b9a02406ec33ff6d8851ed6f0b56240b6ec","Remove dynamic trees maven","needs-review","build.gradle"
"bedec48bb3ac00f6d9f280cddb6b9a692c09db7f","Improve Xaeros map compat & Fix CreateMixinPlugin not being loaded","needs-review","build.gradle;src/main/java/com/simibubi/create/compat/trainmap/XaeroTrainMap.java;src/main/java/com/simibubi/create/foundation/mixin/CreateMixinPlugin.java;src/main/java/com/simibubi/create/foundation/mixin/compat/xaeros/XaeroFullscreenMapAccessor.java;src/main/java/com/simibubi/create/foundation/mixin/compat/xaeros/XaeroFullscreenMapMixin.java;src/main/java/com/simibubi/create/foundation/mixin/compat/xaeros/XaeroPauseScreenOverrideMixin.java;src/main/resources/create.mixins.json"
"79b5d3b37e2d1970818dd97ca460b649cd0a456c","Shiny tanks","needs-review",".github/workflows/localization.yml;gradle.properties;src/main/java/com/simibubi/create/content/equipment/armor/BacktankArmorLayer.java;src/main/java/com/simibubi/create/foundation/item/LayeredArmorItem.java"
"3a5eb9166b6459d2f5ac947436a40d871ed3c944","Patient Spouts (#9794)","needs-review","src/main/java/com/simibubi/create/content/fluids/spout/FillingBySpout.java"
"40c802ab1f6e3e8bbccfae894811004ddb5458a6","Tricky Twins (#9793)","needs-review","src/main/java/com/simibubi/create/api/packager/InventoryIdentifier.java"
"4372fb91f9a65b56a520b45d7a259236e7495acb","New Crowdin translations by GitHub Action (#9796)","needs-review","src/main/resources/assets/create/lang/ar_sa.json;src/main/resources/assets/create/lang/be_by.json;src/main/resources/assets/create/lang/bel_tr.json;src/main/resources/assets/create/lang/bg_bg.json;src/main/resources/assets/create/lang/ca_es.json;src/main/resources/assets/create/lang/cs_cz.json;src/main/resources/assets/create/lang/da_dk.json;src/main/resources/assets/create/lang/de_de.json;src/main/resources/assets/create/lang/el_gr.json;src/main/resources/assets/create/lang/en_gb.json;src/main/resources/assets/create/lang/en_pt.json;src/main/resources/assets/create/lang/es_cl.json;src/main/resources/assets/create/lang/es_es.json;src/main/resources/assets/create/lang/es_mx.json;src/main/resources/assets/create/lang/et_ee.json;src/main/resources/assets/create/lang/fa_ir.json;src/main/resources/assets/create/lang/fi_fi.json;src/main/resources/assets/create/lang/fr_ca.json;src/main/resources/assets/create/lang/fr_fr.json;src/main/resources/assets/create/lang/he_il.json;src/main/resources/assets/create/lang/hu_hu.json;src/main/resources/assets/create/lang/id_id.json;src/main/resources/assets/create/lang/is_is.json;src/main/resources/assets/create/lang/it_it.json;src/main/resources/assets/create/lang/ja_jp.json;src/main/resources/assets/create/lang/ko_kr.json;src/main/resources/assets/create/lang/lol_us.json;src/main/resources/assets/create/lang/lt_lt.json;src/main/resources/assets/create/lang/lzh.json;src/main/resources/assets/create/lang/nl_nl.json;src/main/resources/assets/create/lang/no_no.json;src/main/resources/assets/create/lang/pl_pl.json;src/main/resources/assets/create/lang/pt_br.json;src/main/resources/assets/create/lang/pt_pt.json;src/main/resources/assets/create/lang/qep.json;src/main/resources/assets/create/lang/ro_ro.json;src/main/resources/assets/create/lang/rpr.json;src/main/resources/assets/create/lang/ru_ru.json;src/main/resources/assets/create/lang/sv_se.json;src/main/resources/assets/create/lang/th_th.json;src/main/resources/assets/create/lang/tok.json;src/main/resources/assets/create/lang/tr_tr.json;src/main/resources/assets/create/lang/uk_ua.json;src/main/resources/assets/create/lang/vi_vn.json;src/main/resources/assets/create/lang/zh_cn.json;src/main/resources/assets/create/lang/zh_tw.json"
"221a98eae41cd3de4bc7772f3316f04bf229fdff","The Flying Wheel","needs-review","build.gradle"
"c3b16cf13b85903142f24a3aa419b04429f86708","Fix #8160, making Turntables correctly rotate players (#9844)","needs-review","src/main/java/com/simibubi/create/content/kinetics/turntable/TurntableHandler.java;src/main/java/com/simibubi/create/foundation/events/ClientEvents.java"
"5b69c3618418af54fad66b6dd5d47dc6e70cfecd","Fix contraption seat mapping packet encode CME (#9845)","needs-review","src/main/java/com/simibubi/create/content/contraptions/sync/ContraptionSeatMappingPacket.java"
"a0fb81757d54eb57a4126460cc0dfdd10b60814c","Tricky Tanks (#9814)","needs-review","src/main/java/com/simibubi/create/content/fluids/tank/FluidTankBlock.java"
"4ad60e74024283e0718857bb45908d68a5ced15e","Bumbling Boilers (#9813)","needs-review","src/main/java/com/simibubi/create/api/connectivity/ConnectivityHandler.java"
"ed62d0be3ecc27f5404068a1b9f9428f04f29e23","Registered Operative (#9809)","needs-review","src/main/java/com/simibubi/create/content/contraptions/MountedStorageManager.java;src/main/java/com/simibubi/create/content/equipment/clipboard/ClipboardBlockEntity.java"
"9942939a75b6021c680741389310750e0c33f753","Crashproof Bludgeon (#9803)","needs-review","src/main/java/com/simibubi/create/content/kinetics/RotationPropagator.java"
"f0baf0d93c98979a06dd8aa9344b4d3e9bba3978","Principle of Postbox Preservation (#9802)","needs-review","src/main/java/com/simibubi/create/content/logistics/packagePort/postbox/PostboxBlockEntity.java"
"3f8051928c32fac815c5b8515c7ee0b37f1aa933","Mechanical Magic (#9800)","needs-review","build.gradle;log4j2_confs/better_colors.xml;src/main/java/com/simibubi/create/content/kinetics/deployer/DeployerHandler.java;src/main/java/com/simibubi/create/infrastructure/gametest/CreateGameTests.java;src/main/java/com/simibubi/create/infrastructure/gametest/tests/TestRegressions.java;src/main/resources/data/create/structure/gametest/regressions/issue9615_efficient_deployers.nbt"
"08484d4937ffbe3c2823a6c111c0ff8756747667","Rascally Recipes (#9801)","needs-review","src/generated/resources/.cache/af1b4964b4b67530aeb67585e9573385e8cab38a;src/generated/resources/.cache/eaed56ca9d9781c7626be345dd9f2c9a1fad638e;src/generated/resources/data/create/advancement/recipes/building_blocks/waxed_copper_shingle_slab.json;src/generated/resources/data/create/advancement/recipes/building_blocks/waxed_copper_shingle_slab_from_waxed_copper_shingles_stonecutting.json;src/generated/resources/data/create/advancement/recipes/building_blocks/waxed_copper_shingle_stairs.json;src/generated/resources/data/create/advancement/recipes/building_blocks/waxed_copper_shingle_stairs_from_waxed_copper_shingles_stonecutting.json;src/generated/resources/data/create/advancement/recipes/building_blocks/waxed_copper_tile_slab.json;src/generated/resources/data/create/advancement/recipes/building_blocks/waxed_copper_tile_slab_from_waxed_copper_tiles_stonecutting.json;src/generated/resources/data/create/advancement/recipes/building_blocks/waxed_copper_tile_stairs.json;src/generated/resources/data/create/advancement/recipes/building_blocks/waxed_copper_tile_stairs_from_waxed_copper_tiles_stonecutting.json;src/generated/resources/data/create/advancement/recipes/building_blocks/waxed_exposed_copper_shingle_slab.json;src/generated/resources/data/create/advancement/recipes/building_blocks/waxed_exposed_copper_shingle_slab_from_waxed_exposed_copper_shingles_stonecutting.json;src/generated/resources/data/create/advancement/recipes/building_blocks/waxed_exposed_copper_shingle_stairs.json;src/generated/resources/data/create/advancement/recipes/building_blocks/waxed_exposed_copper_shingle_stairs_from_waxed_exposed_copper_shingles_stonecutting.json;src/generated/resources/data/create/advancement/recipes/building_blocks/waxed_exposed_copper_tile_slab.json;src/generated/resources/data/create/advancement/recipes/building_blocks/waxed_exposed_copper_tile_slab_from_waxed_exposed_copper_tiles_stonecutting.json;src/generated/resources/data/create/advancement/recipes/building_blocks/waxed_exposed_copper_tile_stairs.json;src/generated/resources/data/create/advancement/recipes/building_blocks/waxed_exposed_copper_tile_stairs_from_waxed_exposed_copper_tiles_stonecutting.json;src/generated/resources/data/create/advancement/recipes/building_blocks/waxed_oxidized_copper_shingle_slab.json;src/generated/resources/data/create/advancement/recipes/building_blocks/waxed_oxidized_copper_shingle_slab_from_waxed_oxidized_copper_shingles_stonecutting.json;src/generated/resources/data/create/advancement/recipes/building_blocks/waxed_oxidized_copper_shingle_stairs.json;src/generated/resources/data/create/advancement/recipes/building_blocks/waxed_oxidized_copper_shingle_stairs_from_waxed_oxidized_copper_shingles_stonecutting.json;src/generated/resources/data/create/advancement/recipes/building_blocks/waxed_oxidized_copper_tile_slab.json;src/generated/resources/data/create/advancement/recipes/building_blocks/waxed_oxidized_copper_tile_slab_from_waxed_oxidized_copper_tiles_stonecutting.json;src/generated/resources/data/create/advancement/recipes/building_blocks/waxed_oxidized_copper_tile_stairs.json;src/generated/resources/data/create/advancement/recipes/building_blocks/waxed_oxidized_copper_tile_stairs_from_waxed_oxidized_copper_tiles_stonecutting.json;src/generated/resources/data/create/advancement/recipes/building_blocks/waxed_weathered_copper_shingle_slab.json;src/generated/resources/data/create/advancement/recipes/building_blocks/waxed_weathered_copper_shingle_slab_from_waxed_weathered_copper_shingles_stonecutting.json;src/generated/resources/data/create/advancement/recipes/building_blocks/waxed_weathered_copper_shingle_stairs.json;src/generated/resources/data/create/advancement/recipes/building_blocks/waxed_weathered_copper_shingle_stairs_from_waxed_weathered_copper_shingles_stonecutting.json;src/generated/resources/data/create/advancement/recipes/building_blocks/waxed_weathered_copper_tile_slab.json;src/generated/resources/data/create/advancement/recipes/building_blocks/waxed_weathered_copper_tile_slab_from_waxed_weathered_copper_tiles_stonecutting.json;src/generated/resources/data/create/advancement/recipes/building_blocks/waxed_weathered_copper_tile_stairs.json;src/generated/resources/data/create/advancement/recipes/building_blocks/waxed_weathered_copper_tile_stairs_from_waxed_weathered_copper_tiles_stonecutting.json;src/generated/resources/data/create/create/potato_projectile/type/pufferfish.json;src/generated/resources/data/create/recipe/waxed_copper_shingle_slab.json;src/generated/resources/data/create/recipe/waxed_copper_shingle_slab_from_waxed_copper_shingles_stonecutting.json;src/generated/resources/data/create/recipe/waxed_copper_shingle_stairs.json;src/generated/resources/data/create/recipe/waxed_copper_shingle_stairs_from_waxed_copper_shingles_stonecutting.json;src/generated/resources/data/create/recipe/waxed_copper_tile_slab.json;src/generated/resources/data/create/recipe/waxed_copper_tile_slab_from_waxed_copper_tiles_stonecutting.json;src/generated/resources/data/create/recipe/waxed_copper_tile_stairs.json;src/generated/resources/data/create/recipe/waxed_copper_tile_stairs_from_waxed_copper_tiles_stonecutting.json;src/generated/resources/data/create/recipe/waxed_exposed_copper_shingle_slab.json;src/generated/resources/data/create/recipe/waxed_exposed_copper_shingle_slab_from_waxed_exposed_copper_shingles_stonecutting.json;src/generated/resources/data/create/recipe/waxed_exposed_copper_shingle_stairs.json;src/generated/resources/data/create/recipe/waxed_exposed_copper_shingle_stairs_from_waxed_exposed_copper_shingles_stonecutting.json;src/generated/resources/data/create/recipe/waxed_exposed_copper_tile_slab.json;src/generated/resources/data/create/recipe/waxed_exposed_copper_tile_slab_from_waxed_exposed_copper_tiles_stonecutting.json;src/generated/resources/data/create/recipe/waxed_exposed_copper_tile_stairs.json;src/generated/resources/data/create/recipe/waxed_exposed_copper_tile_stairs_from_waxed_exposed_copper_tiles_stonecutting.json;src/generated/resources/data/create/recipe/waxed_oxidized_copper_shingle_slab.json;src/generated/resources/data/create/recipe/waxed_oxidized_copper_shingle_slab_from_waxed_oxidized_copper_shingles_stonecutting.json;src/generated/resources/data/create/recipe/waxed_oxidized_copper_shingle_stairs.json;src/generated/resources/data/create/recipe/waxed_oxidized_copper_shingle_stairs_from_waxed_oxidized_copper_shingles_stonecutting.json;src/generated/resources/data/create/recipe/waxed_oxidized_copper_tile_slab.json;src/generated/resources/data/create/recipe/waxed_oxidized_copper_tile_slab_from_waxed_oxidized_copper_tiles_stonecutting.json;src/generated/resources/data/create/recipe/waxed_oxidized_copper_tile_stairs.json;src/generated/resources/data/create/recipe/waxed_oxidized_copper_tile_stairs_from_waxed_oxidized_copper_tiles_stonecutting.json;src/generated/resources/data/create/recipe/waxed_weathered_copper_shingle_slab.json;src/generated/resources/data/create/recipe/waxed_weathered_copper_shingle_slab_from_waxed_weathered_copper_shingles_stonecutting.json;src/generated/resources/data/create/recipe/waxed_weathered_copper_shingle_stairs.json;src/generated/resources/data/create/recipe/waxed_weathered_copper_shingle_stairs_from_waxed_weathered_copper_shingles_stonecutting.json;src/generated/resources/data/create/recipe/waxed_weathered_copper_tile_slab.json;src/generated/resources/data/create/recipe/waxed_weathered_copper_tile_slab_from_waxed_weathered_copper_tiles_stonecutting.json;src/generated/resources/data/create/recipe/waxed_weathered_copper_tile_stairs.json;src/generated/resources/data/create/recipe/waxed_weathered_copper_tile_stairs_from_waxed_weathered_copper_tiles_stonecutting.json;src/main/java/com/simibubi/create/foundation/block/CopperBlockSet.java"
"5288372891bd35b603a2dcf74fd880f1761a0006","The missing train","needs-review","src/main/java/com/simibubi/create/content/trains/station/StationBlockEntity.java"
"84dd4500125ab793fac93d72f4391e36b0193cff","Setting some limits","needs-review","src/main/java/com/simibubi/create/content/trains/station/StationBlockEntity.java;src/main/java/com/simibubi/create/infrastructure/config/CTrains.java"
"abfa0053722c15093f09c90ebce9ed27445c26a3","Removed and Removed","needs-review","src/main/java/com/simibubi/create/foundation/virtualWorld/VirtualRenderWorld.java"
"645a014554b859fd0d00b6f1e8d395eddc013126","Move log4j config","needs-review","build.gradle;log4j.xml;log4j2_confs/better_colors.xml"
"f2a0e5931ea5b62d7d6d5846752bc95c8adb4bd6","Contraption collision optimization","needs-review","src/main/java/com/simibubi/create/content/contraptions/ContraptionCollider.java;src/main/java/com/simibubi/create/foundation/collision/CollisionList.java;src/main/java/com/simibubi/create/foundation/collision/ContinuousOBBCollider.java;src/main/java/com/simibubi/create/foundation/collision/Matrix3d.java;src/main/java/com/simibubi/create/foundation/collision/OrientedBB.java"
"425419248bca4eb139b2a00f8af19b06d4bb661f","Strictly Prefer","needs-review","build.gradle"
"31067e54fb5945e89399f32ff060dd1a8afe4da0","Strictly Prefer II","needs-review","build.gradle"
"5d55d39e798e5a6871de89373fb6bb24a15f9e7d","Streaming Trains","needs-review","src/main/java/com/simibubi/create/content/trains/GlobalRailwayManager.java"
"1c6049d03b930de154485c4ee42c94e58f586770","To stack or to not stack","needs-review","src/main/java/com/simibubi/create/content/logistics/stockTicker/StockKeeperRequestScreen.java"
"628c0a582a036fb21d5f35f9926f50b50e0ecec5","NeoForge Update JSON URL","needs-review","src/main/templates/META-INF/neoforge.mods.toml"
"6f2857db2112b7a61b15ef361b0faec239013f81","Foody Doughs","needs-review","gradle.properties;src/main/java/com/simibubi/create/AllItems.java;src/main/java/com/simibubi/create/AllTags.java;src/main/java/com/simibubi/create/infrastructure/data/TagLangGenerator.java"
"a7a32fd079dd04f373628b04dea68199db67ca9c","Foody Doughs II","needs-review","src/main/java/com/simibubi/create/foundation/data/recipe/CreateStandardRecipeGen.java;src/main/java/com/simibubi/create/infrastructure/data/TagLangGenerator.java"
"c9aad24de01ecd668a43e30a3227edd2cf4014b8","Update Changelog","needs-review","changelog.md"
"4370ba7f755f7fd5fdf5e50406c95440029b3c4c","New Crowdin translations by GitHub Action (#9927)","needs-review","src/main/resources/assets/create/lang/af_za.json;src/main/resources/assets/create/lang/ar_sa.json;src/main/resources/assets/create/lang/be_by.json;src/main/resources/assets/create/lang/bel_tr.json;src/main/resources/assets/create/lang/bg_bg.json;src/main/resources/assets/create/lang/cs_cz.json;src/main/resources/assets/create/lang/da_dk.json;src/main/resources/assets/create/lang/de_de.json;src/main/resources/assets/create/lang/en_gb.json;src/main/resources/assets/create/lang/en_pt.json;src/main/resources/assets/create/lang/es_cl.json;src/main/resources/assets/create/lang/es_es.json;src/main/resources/assets/create/lang/es_mx.json;src/main/resources/assets/create/lang/et_ee.json;src/main/resources/assets/create/lang/fi_fi.json;src/main/resources/assets/create/lang/fr_ca.json;src/main/resources/assets/create/lang/fr_fr.json;src/main/resources/assets/create/lang/he_il.json;src/main/resources/assets/create/lang/hr_hr.json;src/main/resources/assets/create/lang/hu_hu.json;src/main/resources/assets/create/lang/id_id.json;src/main/resources/assets/create/lang/it_it.json;src/main/resources/assets/create/lang/ja_jp.json;src/main/resources/assets/create/lang/ko_kr.json;src/main/resources/assets/create/lang/lol_us.json;src/main/resources/assets/create/lang/lzh.json;src/main/resources/assets/create/lang/nl_nl.json;src/main/resources/assets/create/lang/no_no.json;src/main/resources/assets/create/lang/pl_pl.json;src/main/resources/assets/create/lang/pt_br.json;src/main/resources/assets/create/lang/pt_pt.json;src/main/resources/assets/create/lang/qep.json;src/main/resources/assets/create/lang/ro_ro.json;src/main/resources/assets/create/lang/rpr.json;src/main/resources/assets/create/lang/ru_ru.json;src/main/resources/assets/create/lang/sv_se.json;src/main/resources/assets/create/lang/th_th.json;src/main/resources/assets/create/lang/tok.json;src/main/resources/assets/create/lang/tr_tr.json;src/main/resources/assets/create/lang/uk_ua.json;src/main/resources/assets/create/lang/vi_vn.json;src/main/resources/assets/create/lang/zh_cn.json;src/main/resources/assets/create/lang/zh_tw.json"
"182998bada7d3a0be53566eed8717906fb56a0f2","Fix Mechanical Mixer animation (#9921)","needs-review","src/main/java/com/simibubi/create/content/kinetics/mixer/MechanicalMixerBlockEntity.java"
"b4ac8e785b5a2a3730dacbb36c71b74f7dc89dac","Construct BlockDropsEvent with ArrayList (#9925)","needs-review","src/main/java/com/simibubi/create/foundation/utility/BlockHelper.java"
"0513e7ff18fa3eeb54017b4eb663e2df37e11f2c","Truly Client","needs-review","changelog.md;src/main/java/com/simibubi/create/AllPackets.java;src/main/java/com/simibubi/create/content/kinetics/base/KineticBlockEntityVisual.java;src/main/java/com/simibubi/create/content/kinetics/base/RotatingInstance.java;src/main/java/com/simibubi/create/content/kinetics/base/SingleAxisRotatingVisual.java;src/main/java/com/simibubi/create/foundation/events/ClientEvents.java;src/main/java/com/simibubi/create/infrastructure/command/AllCommands.java;src/main/java/com/simibubi/create/infrastructure/command/CameraAngleCommand.java;src/main/java/com/simibubi/create/infrastructure/command/CameraDistanceCommand.java;src/main/java/com/simibubi/create/infrastructure/command/ClearBufferCacheCommand.java;src/main/java/com/simibubi/create/infrastructure/command/CloneCommand.java;src/main/java/com/simibubi/create/infrastructure/command/CouplingCommand.java;src/main/java/com/simibubi/create/infrastructure/command/DebugInfoCommand.java;src/main/java/com/simibubi/create/infrastructure/command/DebugValueCommand.java;src/main/java/com/simibubi/create/infrastructure/command/FabulousWarningCommand.java;src/main/java/com/simibubi/create/infrastructure/command/FixLightingCommand.java;src/main/java/com/simibubi/create/infrastructure/command/HighlightCommand.java;src/main/java/com/simibubi/create/infrastructure/command/HighlightPacket.java;src/main/java/com/simibubi/create/infrastructure/command/KillTPSCommand.java;src/main/java/com/simibubi/create/infrastructure/command/OverlayConfigCommand.java;src/main/java/com/simibubi/create/infrastructure/command/PassengerCommand.java;src/main/java/com/simibubi/create/infrastructure/command/SimpleCreateActions.java;src/main/java/com/simibubi/create/infrastructure/command/ToggleDebugCommand.java;src/main/java/com/simibubi/create/infrastructure/command/TrainCommand.java"
"11c82f6c50ffeca31d1519c9cf0f1408b2aa86a4","With your eyes, not your feet","needs-review","src/main/java/com/simibubi/create/content/redstone/link/controller/LecternControllerBlockEntity.java"
"ad38e0142a5b6f84787bee024c763890de6c7e4b","Fix the count of filtering behaviours being set to 1 when the item has been removed (#9777)","needs-review","src/main/java/com/simibubi/create/foundation/blockEntity/behaviour/filtering/FilteringBehaviour.java"
"82a90b824868d9d0346bb1b99a835518d00cd16b","Fix schedules not stacking after copy (#9886)","needs-review","src/main/java/com/simibubi/create/foundation/recipe/ItemCopyingRecipe.java"
"d2395eefa8224178ffbc64a272005a7477b0c2bc","Slow but Bold","needs-review","src/main/java/com/simibubi/create/content/kinetics/mixer/MechanicalMixerBlockEntity.java"
"23deea6cacaa7cafaabcaf60d49cebfce99ee44c","Adjust slot limits for Chutes, Deployers and Belt segments","needs-review","src/main/java/com/simibubi/create/content/kinetics/belt/transport/ItemHandlerBeltSegment.java;src/main/java/com/simibubi/create/content/kinetics/deployer/DeployerItemHandler.java;src/main/java/com/simibubi/create/content/logistics/chute/ChuteItemHandler.java"
"39f58fa117f0f33f2d7d37b73bdcd4c4ac15a21d","Update license in mods.toml and embed into jar","needs-review","build.gradle;gradle.properties"
"c54810b31ab5335b59788199dc17010c690c7f20","Fix basin fluid particles, fixing #9808 (#9810)","needs-review","src/main/java/com/simibubi/create/content/fluids/particle/BasinFluidParticle.java"
"bc85e4503402bc50f109e87f7ee765003451066d","Fix journeymap causing a crash in dev envs","needs-review","build.gradle"
"89dd311eea390128ba84a603620012c3bc68f2e6","check if x or y is smaller than and throw an exception (#9984)","needs-review","src/main/java/com/simibubi/create/compat/computercraft/implementation/peripherals/DisplayLinkPeripheral.java"
"f3a90f1a32694359d3816176da90689e26e7bd32","Increase epsilon for rotation propagator speed comparison (#10013)","needs-review","src/main/java/com/simibubi/create/content/kinetics/RotationPropagator.java"
"65f7d2d815d2280d59eaa41abef26eca8fdd17cc","To migrate, or to not migrate","needs-review","src/main/java/com/simibubi/create/foundation/mixin/ItemStackMixin.java"
"180b6c4b019fb483df8f926a5015383cdc051966","Match \#create:seats tag directly (#9907)","needs-review","src/main/java/com/simibubi/create/content/contraptions/Contraption.java"
"03f827991e3802926a652ff269600e499aa269d3","Fix fluid crashes by ensuring cache is only called when valid (#10016)","needs-review","src/main/java/com/simibubi/create/content/fluids/FlowSource.java;src/main/java/com/simibubi/create/foundation/ICapabilityProvider.java"
"021647267e90d0bbe121b532e19dd7a53c8c1a50","Farmer's Delight: Do not harvest vanilla mushrooms on rich soil (#9940)","needs-review","build.gradle;gradle.properties;src/main/java/com/simibubi/create/compat/Mods.java;src/main/java/com/simibubi/create/compat/farmersdelight/FarmersDelightCompat.java;src/main/java/com/simibubi/create/content/contraptions/actors/harvester/HarvesterMovementBehaviour.java"
"22824a1804c58db6908d2d87147d1323df258b57","Fix #9931 (#9942)","needs-review","src/main/java/com/simibubi/create/content/fluids/drain/ItemDrainRenderer.java;src/main/java/com/simibubi/create/content/kinetics/belt/BeltRenderer.java;src/main/java/com/simibubi/create/content/logistics/depot/DepotRenderer.java;src/main/java/com/simibubi/create/content/logistics/tableCloth/TableClothRenderer.java"
"9c7316cbbac79b35105412a3b87792ee7a1a113d","Fix items disappearing during belt transfers when chunks unload (#9954)","needs-review","src/main/java/com/simibubi/create/content/kinetics/belt/transport/BeltInventory.java"
"0a891bc0b6d9e387d76181570077e5a376b543b6","Fix clipboard check in ItemStackMixin","needs-review","src/main/java/com/simibubi/create/foundation/mixin/ItemStackMixin.java"
"2031369eff96338f6f0af54e7f4c9415e332e6a2","Fix ItemStackMixin causing clipboards to break","needs-review","src/main/java/com/simibubi/create/foundation/mixin/ItemStackMixin.java"
"6517d2672f09585f2a3434f5bf19c118c96994e8","Add Plough Blacklist and Whitelist tags (#9346)","needs-review","src/generated/resources/.cache/82992cbf8f2794d83ac94034835eac0acd7915b9;src/generated/resources/.cache/eaed56ca9d9781c7626be345dd9f2c9a1fad638e;src/generated/resources/assets/create/lang/en_ud.json;src/generated/resources/assets/create/lang/en_us.json;src/generated/resources/data/c/tags/item/doughs.json;src/generated/resources/data/c/tags/item/doughs/wheat.json;src/generated/resources/data/c/tags/item/foods/dough.json;src/generated/resources/data/c/tags/item/foods/dough/wheat.json;src/generated/resources/data/create/advancement/recipes/misc/crafting/curiosities/cake.json;src/generated/resources/data/create/create/potato_projectile/type/pufferfish.json;src/generated/resources/data/create/recipe/crafting/curiosities/cake.json;src/generated/resources/data/create/tags/block/plough_blacklist.json;src/generated/resources/data/create/tags/block/plough_whitelist.json;src/main/java/com/simibubi/create/AllTags.java;src/main/java/com/simibubi/create/content/contraptions/actors/plough/PloughMovementBehaviour.java;src/main/java/com/simibubi/create/infrastructure/data/CreateRegistrateTags.java"
"213052dca24cb2ed6b8dc02b30f72fe7e6b673d3","Fix belt processing items escape during chunk unload (#10017)","needs-review","src/main/java/com/simibubi/create/content/kinetics/belt/transport/BeltInventory.java"
"1fd4358e7a4784aff5beb4385f2849c9521ea929","Fix outdated Environmental Compat (#8471)","needs-review","src/generated/resources/.cache/af1b4964b4b67530aeb67585e9573385e8cab38a;src/generated/resources/.cache/b256105d8411632b0d585496ea8944a751a08034;src/generated/resources/data/create/recipe/milling/compat/environmental/blue_delphinium.json;src/generated/resources/data/create/recipe/milling/compat/environmental/dianthus.json;src/generated/resources/data/create/recipe/milling/compat/environmental/tasselflower.json;src/generated/resources/data/create/recipe/milling/compat/environmental/white_lotus_flower.json;src/generated/resources/data/create/recipe/pressing/compat/environmental/dirt_path.json;src/generated/resources/data/create/recipe/pressing/path.json;src/generated/resources/data/create/recipe/pressing/path_from_grass.json;src/generated/resources/data/create/tags/item/upright_on_belt.json;src/main/java/com/simibubi/create/foundation/data/recipe/CreateMillingRecipeGen.java;src/main/java/com/simibubi/create/foundation/data/recipe/CreatePressingRecipeGen.java;src/main/java/com/simibubi/create/infrastructure/data/CreateRegistrateTags.java"
"116765d560f1e84210f84e516703db5bb9c13efc","Fix version format for curseforge and modrinth","needs-review","build.gradle"
"d2319b512f8354d779cc5c55672b7ad42d2a2b51","fix: hand crank rotation visuals (#8828) (#10045)","needs-review","src/main/java/com/simibubi/create/content/kinetics/base/KineticBlockEntity.java;src/main/java/com/simibubi/create/content/kinetics/crank/HandCrankBlockEntity.java;src/main/java/com/simibubi/create/content/kinetics/crank/HandCrankRenderer.java;src/main/java/com/simibubi/create/content/kinetics/crank/HandCrankVisual.java;src/main/java/com/simibubi/create/content/kinetics/crank/ValveHandleBlockEntity.java;src/main/java/com/simibubi/create/content/kinetics/crank/ValveHandleVisual.java"
"86a7b8d291cef418c92605637b4aaaebf42e58e1","Fix Outdated BWG/Silent Gems compat (#9537)","needs-review","src/generated/resources/.cache/af1b4964b4b67530aeb67585e9573385e8cab38a;src/generated/resources/.cache/b256105d8411632b0d585496ea8944a751a08034;src/generated/resources/.cache/eaed56ca9d9781c7626be345dd9f2c9a1fad638e;src/generated/resources/data/create/create/potato_projectile/type/enchanted_golden_apple.json;src/generated/resources/data/create/create/potato_projectile/type/pufferfish.json;src/generated/resources/data/create/recipe/crushing/compat/biomeswevegone/ametrine_ore.json;src/generated/resources/data/create/recipe/crushing/compat/biomeswevegone/anthracite_ore.json;src/generated/resources/data/create/recipe/crushing/compat/biomeswevegone/blue_nether_gold_ore.json;src/generated/resources/data/create/recipe/crushing/compat/biomeswevegone/blue_nether_quartz_ore.json;src/generated/resources/data/create/recipe/crushing/compat/biomeswevegone/brimstone_nether_gold_ore.json;src/generated/resources/data/create/recipe/crushing/compat/biomeswevegone/brimstone_nether_quartz_ore.json;src/generated/resources/data/create/recipe/crushing/compat/biomeswevegone/cryptic_redstone_ore.json;src/generated/resources/data/create/recipe/crushing/compat/biomeswevegone/emeraldite_ore.json;src/generated/resources/data/create/recipe/crushing/compat/biomeswevegone/lignite_ore.json;src/generated/resources/data/create/recipe/crushing/compat/biomeswevegone/pervaded_netherrack.json;src/generated/resources/data/create/recipe/crushing/compat/silentgems/alexandrite_end_ore.json;src/generated/resources/data/create/recipe/crushing/compat/silentgems/alexandrite_nether_ore.json;src/generated/resources/data/create/recipe/crushing/compat/silentgems/ammolite_end_ore.json;src/generated/resources/data/create/recipe/crushing/compat/silentgems/ammolite_nether_ore.json;src/generated/resources/data/create/recipe/crushing/compat/silentgems/aquamarine_ore.json;src/generated/resources/data/create/recipe/crushing/compat/silentgems/black_diamond_end_ore.json;src/generated/resources/data/create/recipe/crushing/compat/silentgems/black_diamond_nether_ore.json;src/generated/resources/data/create/recipe/crushing/compat/silentgems/carnelian_end_ore.json;src/generated/resources/data/create/recipe/crushing/compat/silentgems/carnelian_nether_ore.json;src/generated/resources/data/create/recipe/crushing/compat/silentgems/citrine_end_ore.json;src/generated/resources/data/create/recipe/crushing/compat/silentgems/citrine_nether_ore.json;src/generated/resources/data/create/recipe/crushing/compat/silentgems/deepslate_aquamarine_ore.json;src/generated/resources/data/create/recipe/crushing/compat/silentgems/deepslate_garnet_ore.json;src/generated/resources/data/create/recipe/crushing/compat/silentgems/deepslate_opal_ore.json;src/generated/resources/data/create/recipe/crushing/compat/silentgems/deepslate_pearl_ore.json;src/generated/resources/data/create/recipe/crushing/compat/silentgems/deepslate_tanzanite_ore.json;src/generated/resources/data/create/recipe/crushing/compat/silentgems/end_alexandrite_ore.json;src/generated/resources/data/create/recipe/crushing/compat/silentgems/end_ammolite_ore.json;src/generated/resources/data/create/recipe/crushing/compat/silentgems/end_aquamarine_ore.json;src/generated/resources/data/create/recipe/crushing/compat/silentgems/end_black_diamond_ore.json;src/generated/resources/data/create/recipe/crushing/compat/silentgems/end_carnelian_ore.json;src/generated/resources/data/create/recipe/crushing/compat/silentgems/end_citrine_ore.json;src/generated/resources/data/create/recipe/crushing/compat/silentgems/end_garnet_ore.json;src/generated/resources/data/create/recipe/crushing/compat/silentgems/end_heliodor_ore.json;src/generated/resources/data/create/recipe/crushing/compat/silentgems/end_iolite_ore.json;src/generated/resources/data/create/recipe/crushing/compat/silentgems/end_kyanite_ore.json;src/generated/resources/data/create/recipe/crushing/compat/silentgems/end_moldavite_ore.json;src/generated/resources/data/create/recipe/crushing/compat/silentgems/end_opal_ore.json;src/generated/resources/data/create/recipe/crushing/compat/silentgems/end_pearl_ore.json;src/generated/resources/data/create/recipe/crushing/compat/silentgems/end_peridot_ore.json;src/generated/resources/data/create/recipe/crushing/compat/silentgems/end_rose_quartz_ore.json;src/generated/resources/data/create/recipe/crushing/compat/silentgems/end_ruby_ore.json;src/generated/resources/data/create/recipe/crushing/compat/silentgems/end_sapphire_ore.json;src/generated/resources/data/create/recipe/crushing/compat/silentgems/end_tanzanite_ore.json;src/generated/resources/data/create/recipe/crushing/compat/silentgems/end_topaz_ore.json;src/generated/resources/data/create/recipe/crushing/compat/silentgems/end_turquoise_ore.json;src/generated/resources/data/create/recipe/crushing/compat/silentgems/end_white_diamond_ore.json;src/generated/resources/data/create/recipe/crushing/compat/silentgems/garnet_ore.json;src/generated/resources/data/create/recipe/crushing/compat/silentgems/heliodor_end_ore.json;src/generated/resources/data/create/recipe/crushing/compat/silentgems/heliodor_nether_ore.json;src/generated/resources/data/create/recipe/crushing/compat/silentgems/iolite_end_ore.json;src/generated/resources/data/create/recipe/crushing/compat/silentgems/iolite_nether_ore.json;src/generated/resources/data/create/recipe/crushing/compat/silentgems/kyanite_end_ore.json;src/generated/resources/data/create/recipe/crushing/compat/silentgems/kyanite_nether_ore.json;src/generated/resources/data/create/recipe/crushing/compat/silentgems/moldavite_end_ore.json;src/generated/resources/data/create/recipe/crushing/compat/silentgems/moldavite_nether_ore.json;src/generated/resources/data/create/recipe/crushing/compat/silentgems/nether_alexandrite_ore.json;src/generated/resources/data/create/recipe/crushing/compat/silentgems/nether_ammolite_ore.json;src/generated/resources/data/create/recipe/crushing/compat/silentgems/nether_aquamarine_ore.json;src/generated/resources/data/create/recipe/crushing/compat/silentgems/nether_black_diamond_ore.json;src/generated/resources/data/create/recipe/crushing/compat/silentgems/nether_carnelian_ore.json;src/generated/resources/data/create/recipe/crushing/compat/silentgems/nether_citrine_ore.json;src/generated/resources/data/create/recipe/crushing/compat/silentgems/nether_garnet_ore.json;src/generated/resources/data/create/recipe/crushing/compat/silentgems/nether_heliodor_ore.json;src/generated/resources/data/create/recipe/crushing/compat/silentgems/nether_iolite_ore.json;src/generated/resources/data/create/recipe/crushing/compat/silentgems/nether_kyanite_ore.json;src/generated/resources/data/create/recipe/crushing/compat/silentgems/nether_moldavite_ore.json;src/generated/resources/data/create/recipe/crushing/compat/silentgems/nether_opal_ore.json;src/generated/resources/data/create/recipe/crushing/compat/silentgems/nether_pearl_ore.json;src/generated/resources/data/create/recipe/crushing/compat/silentgems/nether_peridot_ore.json;src/generated/resources/data/create/recipe/crushing/compat/silentgems/nether_rose_quartz_ore.json;src/generated/resources/data/create/recipe/crushing/compat/silentgems/nether_ruby_ore.json;src/generated/resources/data/create/recipe/crushing/compat/silentgems/nether_sapphire_ore.json;src/generated/resources/data/create/recipe/crushing/compat/silentgems/nether_tanzanite_ore.json;src/generated/resources/data/create/recipe/crushing/compat/silentgems/nether_topaz_ore.json;src/generated/resources/data/create/recipe/crushing/compat/silentgems/nether_turquoise_ore.json;src/generated/resources/data/create/recipe/crushing/compat/silentgems/nether_white_diamond_ore.json;src/generated/resources/data/create/recipe/crushing/compat/silentgems/opal_ore.json;src/generated/resources/data/create/recipe/crushing/compat/silentgems/pearl_ore.json;src/generated/resources/data/create/recipe/crushing/compat/silentgems/peridot_end_ore.json;src/generated/resources/data/create/recipe/crushing/compat/silentgems/peridot_nether_ore.json;src/generated/resources/data/create/recipe/crushing/compat/silentgems/rose_quartz_end_ore.json;src/generated/resources/data/create/recipe/crushing/compat/silentgems/rose_quartz_nether_ore.json;src/generated/resources/data/create/recipe/crushing/compat/silentgems/ruby_end_ore.json;src/generated/resources/data/create/recipe/crushing/compat/silentgems/ruby_nether_ore.json;src/generated/resources/data/create/recipe/crushing/compat/silentgems/sapphire_end_ore.json;src/generated/resources/data/create/recipe/crushing/compat/silentgems/sapphire_nether_ore.json;src/generated/resources/data/create/recipe/crushing/compat/silentgems/tanzanite_ore.json;src/generated/resources/data/create/recipe/crushing/compat/silentgems/topaz_end_ore.json;src/generated/resources/data/create/recipe/crushing/compat/silentgems/topaz_nether_ore.json;src/generated/resources/data/create/recipe/crushing/compat/silentgems/turquoise_end_ore.json;src/generated/resources/data/create/recipe/crushing/compat/silentgems/turquoise_nether_ore.json;src/generated/resources/data/create/recipe/crushing/compat/silentgems/white_diamond_end_ore.json;src/generated/resources/data/create/recipe/crushing/compat/silentgems/white_diamond_nether_ore.json;src/generated/resources/data/create/recipe/cutting/compat/biomeswevegone/stripped_palo_verde_log.json;src/generated/resources/data/create/recipe/cutting/compat/biomeswevegone/stripped_palo_verde_wood.json;src/generated/resources/data/create/recipe/milling/compat/biomeswevegone/black_sandstone.json;src/generated/resources/data/create/recipe/milling/compat/biomeswevegone/blue_rose_bush.json;src/generated/resources/data/create/recipe/milling/compat/biomeswevegone/blue_sage.json;src/generated/resources/data/create/recipe/milling/compat/biomeswevegone/blue_sandstone.json;src/generated/resources/data/create/recipe/milling/compat/biomeswevegone/compat/biomeswevegone/white_sage.json;src/generated/resources/data/create/recipe/milling/compat/biomeswevegone/compat/biomeswevegone/winter_cyclamen.json;src/generated/resources/data/create/recipe/milling/compat/biomeswevegone/cyan_amaranth.json;src/generated/resources/data/create/recipe/milling/compat/biomeswevegone/golden_spined_cactus.json;src/generated/resources/data/create/recipe/milling/compat/biomeswevegone/horseweed.json;src/generated/resources/data/create/recipe/milling/compat/biomeswevegone/japanese_orchid.json;src/generated/resources/data/create/recipe/milling/compat/biomeswevegone/lolipop_flower.json;src/generated/resources/data/create/recipe/milling/compat/biomeswevegone/lollipop_flower.json;src/generated/resources/data/create/recipe/milling/compat/biomeswevegone/mini_cactus.json;src/generated/resources/data/create/recipe/milling/compat/biomeswevegone/orange_amaranth.json;src/generated/resources/data/create/recipe/milling/compat/biomeswevegone/orchid.json;src/generated/resources/data/create/recipe/milling/compat/biomeswevegone/osiria_rose.json;src/generated/resources/data/create/recipe/milling/compat/biomeswevegone/pink_sandstone.json;src/generated/resources/data/create/recipe/milling/compat/biomeswevegone/prickly_pear_cactus.json;src/generated/resources/data/create/recipe/milling/compat/biomeswevegone/purple_rose.json;src/generated/resources/data/create/recipe/milling/compat/biomeswevegone/purple_sage.json;src/generated/resources/data/create/recipe/milling/compat/biomeswevegone/purple_sandstone.json;src/generated/resources/data/create/recipe/milling/compat/biomeswevegone/tall_white_allium.json;src/generated/resources/data/create/recipe/milling/compat/biomeswevegone/torch_ginger.json;src/generated/resources/data/create/recipe/milling/compat/biomeswevegone/white_allium.json;src/generated/resources/data/create/recipe/milling/compat/biomeswevegone/white_allium_flower_bush.json;src/generated/resources/data/create/recipe/milling/compat/biomeswevegone/white_sage.json;src/generated/resources/data/create/recipe/milling/compat/biomeswevegone/white_sandstone.json;src/generated/resources/data/create/recipe/milling/compat/biomeswevegone/windswept_sandstone.json;src/generated/resources/data/create/recipe/milling/compat/biomeswevegone/winter_cyclamen.json;src/generated/resources/data/create/recipe/milling/compat/biomeswevegone/winter_succulent.json;src/generated/resources/data/create/recipe/pressing/compat/biomeswevegone/lush_dirt_path.json;src/generated/resources/data/create/recipe/pressing/compat/biomeswevegone/lush_grass_path.json;src/generated/resources/data/create/recipe/pressing/compat/biomeswevegone/sandy_dirt_path.json;src/generated/resources/data/create/tags/item/upright_on_belt.json;src/main/java/com/simibubi/create/foundation/data/recipe/CreateCrushingRecipeGen.java;src/main/java/com/simibubi/create/foundation/data/recipe/CreateCuttingRecipeGen.java;src/main/java/com/simibubi/create/foundation/data/recipe/CreateMillingRecipeGen.java;src/main/java/com/simibubi/create/foundation/data/recipe/CreatePressingRecipeGen.java;src/main/java/com/simibubi/create/infrastructure/data/CreateRegistrateTags.java"
"0a17a7243c3e5e6e3ceb34450d9c6df240af1b83","Remove limit on mixing recipe processing time (#10022)","needs-review","src/main/java/com/simibubi/create/content/kinetics/mixer/MechanicalMixerBlockEntity.java"
"04d39f715bfca4888a68992fd0a580e7c5303b0e","Use getOnPos in TurntableHandler instead of blockPosition","needs-review","src/main/java/com/simibubi/create/content/kinetics/turntable/TurntableHandler.java"
"394073dc1af30b5190504c10a0482cc6e2580703","Fix clipboard crash when out of range","needs-review","src/main/java/com/simibubi/create/content/equipment/clipboard/ClipboardEditPacket.java;src/main/java/com/simibubi/create/content/equipment/clipboard/ClipboardScreen.java"
"f99fe5778b127d45c1fc2dc7d1f3599ba9f5e71a","Use Player#canInteractWith{Block,Entity} instead of !closerThan in most places","needs-review","src/main/java/com/simibubi/create/content/contraptions/AbstractContraptionEntity.java;src/main/java/com/simibubi/create/content/contraptions/actors/trainControls/ControlsInputPacket.java;src/main/java/com/simibubi/create/content/contraptions/glue/SuperGlueSelectionPacket.java;src/main/java/com/simibubi/create/content/kinetics/mechanicalArm/ArmInteractionPointHandler.java;src/main/java/com/simibubi/create/content/logistics/packagerLink/LogisticallyLinkedClientHandler.java;src/main/java/com/simibubi/create/content/logistics/stockTicker/StockKeeperCategoryMenu.java;src/main/java/com/simibubi/create/content/trains/entity/CarriageContraptionEntity.java;src/main/java/com/simibubi/create/content/trains/entity/TrainRelocationPacket.java;src/main/java/com/simibubi/create/content/trains/entity/TrainRelocator.java;src/main/java/com/simibubi/create/content/trains/track/CurvedTrackDestroyPacket.java;src/main/java/com/simibubi/create/foundation/networking/BlockEntityConfigurationPacket.java;src/main/java/com/simibubi/create/foundation/sound/SoundScapes.java"
"be15c932a65c6e6478c010431df23b6818fe5782","keybinds for ctrl / shift / alt ""modifiers"" (#10187)","needs-review","src/generated/resources/assets/create/lang/en_ud.json;src/generated/resources/assets/create/lang/en_us.json;src/main/java/com/simibubi/create/AllKeys.java"
"65f35dc21afab8c349bf70e71a21921093e5532e","Update changelog","needs-review","changelog.md"
"c00efbca16d67a6c3dfe518e764c6eb882002f3e","Fix changelog formatting","needs-review","changelog.md"
"a8934b62098ba8bc30d2d641b9fc1f3dada85b49","Update ponder","needs-review","gradle.properties"
"ac0c444d9828da3453ae8cc65338e8de063286fb","Fix smart chute not clearing inventory (#10196)","needs-review","src/main/java/com/simibubi/create/content/logistics/chute/SmartChuteBlockEntity.java"
